path,size_bytes,sha256
robot/models_general_fresh/final_general_sac.zip,3229059,0b6db14a02d2e2811c9b17bd03eb814e4b19ba083db7bb0d7c92a87de2197883
robot/models_general_fresh/best_general_sac_replay_buffer.pkl,37601731,6afc93a2756cee883f2f2051bb8a310dec7f8e7a535f5a58caf9e591f7af17f8
robot/models_general_fresh/final_general_sac_replay_buffer.pkl,37601733,ee9808dc96cb837994937c50ab392541ccc562c4f21e309a876eab24afe2adc4
robot/models_general_fresh/best_general_sac.zip,3228102,b7af603cf0f65c2500a157ce3b01d4390160908ac4f38b8f5077dfa82bc2d46d
robot/experience_logs_final_dual_v7_goal_aware/episode_20260827_130141_991266_attempt_005.npz,72536,99e6600cdee41f7b4398c87253150ac505c9df30da4419368559671b4e3480d8
robot/experience_logs_final_dual_v7_goal_aware/episode_20260829_165030_944258_attempt_002.npz,10690,aff72ba6f961fef6e7e2f220eff1b636e04162d65ab7bdd240797849445d3b84
robot/experience_logs_final_dual_v7_goal_aware/episode_20260828_121653_013936_attempt_013.npz,3680,c2b908dbd92c1e1a68baa7003a721d8ec8f0906ec1c38b07cfffe749de7e43a0
robot/experience_logs_final_dual_v7_goal_aware/episode_20260828_121808_687181_attempt_014.npz,78098,fc63d4b1d041d7fca04278083e60ef5772a224fd96f584d3cff6dbc143d07d50
robot/experience_logs_final_dual_v7_goal_aware/episode_20260828_123719_889627_attempt_001.npz,71075,f30bb2f0c632d6b123b6a3304c38d6e57d93e7918e27a4f171d57c76e154e4dc
robot/experience_logs_final_dual_v7_goal_aware/episode_20260828_121652_181854_attempt_012.npz,4396,9ccfece8ec3e73384233676fe13f92baa2881a2274c03080eb6a333ad3bc2b04
robot/experience_logs_final_dual_v7_goal_aware/episode_20260827_125836_529719_attempt_002.npz,60479,019ee445c754787b0757b1734a56aa8bf5e757557f5b5b0d6cd56e83ccfdf092
robot/experience_logs_final_dual_v7_goal_aware/episode_20260828_122036_860619_attempt_016.npz,79301,2e6530dfd650f6ab9187d404b8415f95efab82508620df01e68d1fe82bfbc226
robot/experience_logs_final_dual_v7_goal_aware/episode_20260829_165023_371591_attempt_001.npz,77293,59196b5d65982b423d0a76f8dfd0cf5686c34e4f3febcc346c18208d440af236
robot/experience_logs_final_dual_v7_goal_aware/episode_20260827_130434_111368_attempt_007.npz,81938,0ebcb2d8c18b2b72555005861baf191fd284c95b777c554b9dd940d7f4397b8b
robot/experience_logs_final_dual_v7_goal_aware/episode_20260827_130534_271183_attempt_008.npz,68104,56461bee9052699cf299fe722d874ce6df4b1b047384e8c04bde34dd786093a3
robot/experience_logs_final_dual_v7_goal_aware/episode_20260828_121633_431994_attempt_006.npz,3867,2647df285a30e51fc4b4e7dfdb9ece17fa5f5a28f086f52d7cece4d4b8bac227
robot/experience_logs_final_dual_v7_goal_aware/episode_20260828_125145_868436_attempt_008.npz,13487,4aee70c560827fc68f89c7a4354a408004d31cd5d44aaa8d2bdc0abf9eae494b
robot/experience_logs_final_dual_v7_goal_aware/episode_20260828_121650_755189_attempt_011.npz,3898,d622127bf4f9893f850cd7167bee3168b45957c0eb94c88e28f295a5fb39e4bf
robot/experience_logs_final_dual_v7_goal_aware/episode_20260828_123911_097673_attempt_004.npz,41880,7bf8f32df3b3fb5dd3be81f3ae1a03942a3fe9655789cd4e99b6223402bcdf93
robot/experience_logs_final_dual_v7_goal_aware/episode_20260828_122509_764149_attempt_020.npz,45833,b0cbf4cf02d702746d5eff578147b73595c67d44ecab19985c11848204868139
robot/experience_logs_final_dual_v7_goal_aware/episode_20260827_130810_279104_attempt_010.npz,68756,c8d1cd02dee0e083aadf2b35b356d1366d842589e28df3419402ed469bd82467
robot/experience_logs_final_dual_v7_goal_aware/episode_20260828_124109_222585_attempt_005.npz,75244,5ef63efa5d52bddb2b461c98870ea9a6c7ab0d121dbd45265bd2b91c3ab8538c
robot/experience_logs_final_dual_v7_goal_aware/episode_20260828_122740_411848_attempt_022.npz,77730,128b9cfaac36646f11f251dc6aa66f177f857a05d2d60350bdc1c190c6322cc8
robot/experience_logs_final_dual_v7_goal_aware/episode_20260828_121617_485728_attempt_001.npz,64501,b3e4bb3d8f6f5527fd0653fca7a8a8983faba0212cefd39a47f9e86902ac2ea3
robot/experience_logs_final_dual_v7_goal_aware/episode_20260828_124605_001405_attempt_007.npz,76630,5bcbc8a9da1ad556b9f4f08102592eb0a3ac12416f601abe709e1939526c1f27
robot/experience_logs_final_dual_v7_goal_aware/episode_20260828_124438_836168_attempt_006.npz,77630,8a37f46627fbad2fb3417f85d3eb68334fe80fa5283da8a8c3cd546aab4a4636
robot/experience_logs_final_dual_v7_goal_aware/episode_20260828_121648_979132_attempt_009.npz,3722,a495ba5b7d1ac36118a3777b26bc43f71b8a8bc5f6b7ab01172e6946aba9a569
robot/experience_logs_final_dual_v7_goal_aware/episode_20260827_130041_664245_attempt_004.npz,68652,e39ad3a56d501b9dece2e514936de241bf4e4fb8f6f8cf7637c069cdefe8b480
robot/experience_logs_final_dual_v7_goal_aware/episode_20260828_121916_052961_attempt_015.npz,78187,9a412a08405165c422f8b832e5dfb4f26f9cc6ed92adfd6b29856bdabc565144
robot/experience_logs_final_dual_v7_goal_aware/episode_20260828_121647_274191_attempt_007.npz,16466,ecdd1bcf90c0a5a58c45fbd87a776ad4480e43dab710a7a5c01a18ac63551dc1
robot/experience_logs_final_dual_v7_goal_aware/episode_20260828_121629_197334_attempt_002.npz,12628,98afc306f7f54158df25c28b5b5c645e8d2207cf4b5a5b91b20ce7620935124a
robot/experience_logs_final_dual_v7_goal_aware/episode_20260828_122207_916756_attempt_017.npz,89881,ec023cab7f602dd26ca636a4821414be2bec831b516e11e68c0e67f11d22ee82
robot/experience_logs_final_dual_v7_goal_aware/episode_20260828_121632_437408_attempt_005.npz,3630,4c60076e992e78033b3638092e237d04d9c396249ea64879c1eda5db3bc1eb90
robot/experience_logs_final_dual_v7_goal_aware/episode_20260828_122625_288708_attempt_021.npz,83287,a60cce6fd03e5776f114a6ae4aaca0550f86445900b27d9e3ae0e946cacfdebe
robot/experience_logs_final_dual_v7_goal_aware/episode_20260828_123807_723591_attempt_002.npz,32496,d992d9018dc70b15fb3f44c1fc2ecd9c09030a72da59aa2164e613f0f004fd01
robot/experience_logs_final_dual_v7_goal_aware/episode_20260828_122320_568243_attempt_018.npz,80190,8a736a6f180603b3b0561dd9eec9daa73de1a2cc0e94a254dd690b99c5cd3dec
robot/experience_logs_final_dual_v7_goal_aware/episode_20260828_121648_083635_attempt_008.npz,3637,c9e31c70c6c0bf1e7c594068e9aa012164b1965289387ed7e0bf2bebdbcc1b9a
robot/experience_logs_final_dual_v7_goal_aware/episode_20260828_121649_817273_attempt_010.npz,3726,0e9aefc538817684b159b8f46b794aff40d770ff0543ba0f90af813e1a70629b
robot/experience_logs_final_dual_v7_goal_aware/episode_20260827_125937_923068_attempt_003.npz,72121,3e4656a02eb0f193f8d589bf7b6052d13bf4feb85c5fbb685a7910e16ae5e4bb
robot/experience_logs_final_dual_v7_goal_aware/episode_20260828_121630_772359_attempt_003.npz,4509,b5020928476ff97701e2f847f92118cb402db06b3d05dd62d4c2cf8524c00c46
robot/experience_logs_final_dual_v7_goal_aware/episode_20260827_130702_803200_attempt_009.npz,90571,a6d6afa1e0816520269604eb360f343ba79909121b8f8286e16401e29fa30cdc
robot/experience_logs_final_dual_v7_goal_aware/episode_20260827_130319_010256_attempt_006.npz,107644,6cbefad6657a098c163dc5d9bbfd1f1c1c20de6068dfb049c1fb1abb0edb016f
robot/experience_logs_final_dual_v7_goal_aware/episode_20260828_122424_185167_attempt_019.npz,58707,9749d1a3f19ae808b8ce3421188e78e5e91a557d6c7b7f6a524262c2f91c4baf
robot/experience_logs_final_dual_v7_goal_aware/episode_20260828_121631_626728_attempt_004.npz,3571,f05c6cbe80c105acc7177639a9ae8212b8ebf57ea8cde030c6a20f4676ca5ab0
robot/experience_logs_final_dual_v7_goal_aware/delivery_replay_buffer.pkl,18801329,372fe9d22a05a58f15d2d3d084ffe30299539bf8f251531b31526d6eb2b41fe1
robot/experience_logs_final_dual_v7_goal_aware/episode_20260828_123809_530450_attempt_003.npz,4319,bc588d0044d8c6e7b1fc8638b24cfa958f5543c2280f7b0d1749f125932a0016
robot/experience_logs_final_dual_v7_goal_aware/episode_20260827_125743_848135_attempt_001.npz,70200,d2f0eb9e302bac08b22df01681bd1479a77b2a397c9ea2402619f89efc863947
robot/FINAL_PROJECT_WORKING/models_general_fresh/best_general_sac.zip,3228102,b7af603cf0f65c2500a157ce3b01d4390160908ac4f38b8f5077dfa82bc2d46d
robot/FINAL_PROJECT_WORKING/experience_logs_final_dual_v5_deadlock_recovery/episode_20260826_155821_161142_attempt_002.npz,66420,98ea72aea7ab51ec1f62b0b2bf2138fb40de6b91fc5a33a7ac22a3376cbfd238
robot/FINAL_PROJECT_WORKING/experience_logs_final_dual_v5_deadlock_recovery/episode_20260826_155955_200155_attempt_003.npz,84690,ccb8081e0045d91c003b4f948a96585a7b794c3f0224d7ec5114e586ddaa2f48
robot/FINAL_PROJECT_WORKING/experience_logs_final_dual_v5_deadlock_recovery/episode_20260826_160313_446770_attempt_006.npz,9228,70de70bac4ab5a3684f6bd91a588c89d9c606d8a6b6418453d7bfa67f07a70f3
robot/FINAL_PROJECT_WORKING/experience_logs_final_dual_v5_deadlock_recovery/episode_20260826_160303_088293_attempt_005.npz,78319,1bb38f291f5c410f87dd0ab9c1421c2174f0a20dbdc35fcebb18abf9a29cb29d
robot/FINAL_PROJECT_WORKING/experience_logs_final_dual_v5_deadlock_recovery/episode_20260826_160118_373444_attempt_004.npz,77943,b353d9923fa3c9f6eff9df1d69b17948268fdd51ccebb8fbe3ca60ba2605f633
robot/FINAL_PROJECT_WORKING/experience_logs_final_dual_v5_deadlock_recovery/episode_20260826_155710_109203_attempt_001.npz,94141,1e20c2b46e896d3b88bc0f1b76c73c4ab33ea58a9cc7746ee08686fae13ed3b3
robot/FINAL_PROJECT_WORKING/experience_logs_final_dual_v5_deadlock_recovery/delivery_replay_buffer.pkl,18801329,805bbe35610341178c6c4727d71f1f9b9e45fa388922b58974ccff8f017a710b
robot/experience_logs_final_dual_v5_deadlock_recovery/episode_20260826_155821_161142_attempt_002.npz,66420,98ea72aea7ab51ec1f62b0b2bf2138fb40de6b91fc5a33a7ac22a3376cbfd238
robot/experience_logs_final_dual_v5_deadlock_recovery/episode_20260826_161517_438968_attempt_002.npz,60483,cb365b0dff1d18fac3dbe307f00a6ffa9dd9c1ee8093a04d7cda4647fae7ded2
robot/experience_logs_final_dual_v5_deadlock_recovery/episode_20260826_162246_755996_attempt_003.npz,73001,fe53f7f97ba785f244f67f53e1638d2c4a4736ec7a04def83f95f7c244f03fc4
robot/experience_logs_final_dual_v5_deadlock_recovery/episode_20260826_163156_596587_attempt_010.npz,78576,ba08eb1fbc19ba69288ff58d9f02275d249a78e080e28f1e1a45f14bf2ab764d
robot/experience_logs_final_dual_v5_deadlock_recovery/episode_20260827_124011_617405_attempt_004.npz,73882,a8d85261c16db12415ce3102b4e0cf763c16978a190360d3bc91a9d9e69a3b0e
robot/experience_logs_final_dual_v5_deadlock_recovery/episode_20260827_122933_394561_attempt_004.npz,132368,44be0d6488858ebc6b230bd96cfad4ed0941918b2d539c4a325617d48a39d40c
robot/experience_logs_final_dual_v5_deadlock_recovery/episode_20260827_123910_259932_attempt_003.npz,67906,847f4d9ff1abc47e83c21e08b7e626c60db72b879d6cdd3187b09a7c7e75d69c
robot/experience_logs_final_dual_v5_deadlock_recovery/episode_20260826_161355_801827_attempt_001.npz,45730,969cd337ff9929e6d47c37a62c02e1e18885487edbe10c3af4e934fe7879fbfb
robot/experience_logs_final_dual_v5_deadlock_recovery/episode_20260826_160843_572443_attempt_001.npz,85503,7d8af53637528e89df0a9eef81757ee20892774fb67632d4c63421625db7ef20
robot/experience_logs_final_dual_v5_deadlock_recovery/episode_20260827_124153_281503_attempt_006.npz,63328,77c6f35b1587bde8cb94260746f0d08e46ec8002523ac8df15ba1df06ba408d6
robot/experience_logs_final_dual_v5_deadlock_recovery/episode_20260826_155955_200155_attempt_003.npz,84690,ccb8081e0045d91c003b4f948a96585a7b794c3f0224d7ec5114e586ddaa2f48
robot/experience_logs_final_dual_v5_deadlock_recovery/episode_20260826_162845_204668_attempt_008.npz,16239,0a0e0745ce017e1c3b6b3d14ffd5e64d27c590d9e88feb54299ed6791c4380db
robot/experience_logs_final_dual_v5_deadlock_recovery/episode_20260826_162047_915352_attempt_001.npz,60434,389c65ea2e755a262d8461c147bae1a246574c9a2a21d05ddfabb4dc66e397f8
robot/experience_logs_final_dual_v5_deadlock_recovery/episode_20260827_122456_000768_attempt_002.npz,68237,b2075b511b0288250cba5e164830a55f4a60b5f2b8fb9d6d7eef7d957cc74777
robot/experience_logs_final_dual_v5_deadlock_recovery/episode_20260826_160313_446770_attempt_006.npz,9228,70de70bac4ab5a3684f6bd91a588c89d9c606d8a6b6418453d7bfa67f07a70f3
robot/experience_logs_final_dual_v5_deadlock_recovery/episode_20260827_123719_256803_attempt_001.npz,60847,e58dae24e291ef24bf6169ed07a52428a0476d3882a57e51030c1e7091b21671
robot/experience_logs_final_dual_v5_deadlock_recovery/episode_20260826_162356_556632_attempt_004.npz,64933,4e705dbcb20bc9a840d2d717db45d19d1d5cad0e633be76c860dcf4325277496
robot/experience_logs_final_dual_v5_deadlock_recovery/episode_20260827_123439_351455_attempt_007.npz,5275,bdd60c1af30b7e77148bafa5499bd1214ad15097afeedb40b1070638c2f06855
robot/experience_logs_final_dual_v5_deadlock_recovery/episode_20260826_162120_167587_attempt_002.npz,29222,5d9f06dc97ab0a47bf35e4fd361a68289b7e9b933d14f40e6d3544f1113d9991
robot/experience_logs_final_dual_v5_deadlock_recovery/episode_20260826_160303_088293_attempt_005.npz,78319,1bb38f291f5c410f87dd0ab9c1421c2174f0a20dbdc35fcebb18abf9a29cb29d
robot/experience_logs_final_dual_v5_deadlock_recovery/episode_20260827_123435_950904_attempt_006.npz,153725,b65dbbe4478669baaaf6db4a91758bdc285383000a9ebf41d9481c39d12835d0
robot/experience_logs_final_dual_v5_deadlock_recovery/episode_20260826_162822_890391_attempt_007.npz,64693,2816fe32b8fe9648b025387f3438d991be06007f0cbef89559d4c584b5dbd437
robot/experience_logs_final_dual_v5_deadlock_recovery/episode_20260827_123119_594032_attempt_005.npz,80427,2f87e557f61cbe9e74f42cb9c0ecfe56805c11bad94ffd4029b0c5dd8a3d9b7f
robot/experience_logs_final_dual_v5_deadlock_recovery/episode_20260826_162712_438531_attempt_006.npz,71064,5d4abebc8a5510e908fc0e0b43286859ef7f7f69944e35d03c1a078aa1af46c2
robot/experience_logs_final_dual_v5_deadlock_recovery/episode_20260827_124850_662045_attempt_010.npz,75649,d42131df11763f7d3812275d037caadb1d82f3fed77c68f0cbae3706477a76e3
robot/experience_logs_final_dual_v5_deadlock_recovery/episode_20260826_163027_203569_attempt_009.npz,85976,5e397f5ad85aeb77a4705ad174a96dfcbde4cec7a9bf65315f48f4662bc63b60
robot/experience_logs_final_dual_v5_deadlock_recovery/episode_20260827_122400_781173_attempt_001.npz,57903,ebde6da3ab41201871e0be0ab17b2e201b65510ea96430806dc500b099cae6b6
robot/experience_logs_final_dual_v5_deadlock_recovery/episode_20260826_160118_373444_attempt_004.npz,77943,b353d9923fa3c9f6eff9df1d69b17948268fdd51ccebb8fbe3ca60ba2605f633
robot/experience_logs_final_dual_v5_deadlock_recovery/episode_20260827_122622_098530_attempt_003.npz,92802,9ec9a6125c930252411439cc7d05c719eb5e0b794ca73ea3629544e55a6a3908
robot/experience_logs_final_dual_v5_deadlock_recovery/episode_20260826_162554_467205_attempt_005.npz,94089,66745aa39f6bcb903fc7a493ed7ecb3b1d103e40f73320ba5eab9d38f294afbc
robot/experience_logs_final_dual_v5_deadlock_recovery/episode_20260827_124322_551519_attempt_008.npz,72706,a5a8815522bee158ad0796d198cbd4e8b64f2036e05879d88998ce96a62824a6
robot/experience_logs_final_dual_v5_deadlock_recovery/episode_20260827_124630_148993_attempt_009.npz,141014,631c0c9ae603b17c150e63bddd2023eec40e56397b42f5822b76a9aa6bd52998
robot/experience_logs_final_dual_v5_deadlock_recovery/episode_20260826_155710_109203_attempt_001.npz,94141,1e20c2b46e896d3b88bc0f1b76c73c4ab33ea58a9cc7746ee08686fae13ed3b3
robot/experience_logs_final_dual_v5_deadlock_recovery/episode_20260827_123813_997085_attempt_002.npz,73553,48af19350558ed4e9de6d18876a3c94f3ed48cd493cbe6bb65c45b45df46fc68
robot/experience_logs_final_dual_v5_deadlock_recovery/delivery_replay_buffer.pkl,18801329,643afd3a031c3f931f8c17881ec05e9dbd0ddfb6f567e702a20d1f360ee76672
robot/experience_logs_final_dual_v5_deadlock_recovery/episode_20260827_124101_243838_attempt_005.npz,63826,4b4f506a1e68045904036a350b755bcad915d456b060aca66c63767fc941a5d1
robot/experience_logs_final_dual_v5_deadlock_recovery/episode_20260827_124221_898400_attempt_007.npz,39111,8ffbe600023699a517dd6e96a486221be03b0ad8fbda5312507054188b16e383
restaurant/smoke_test.zip,1672400,12664945b392e1bc1e20daa8442a6dfd747f5e55ab8f0527e44e104c8460c373
restaurant/dynamic_sac_v3.zip,3407343,4aa4b0b132cf8b878f2ae413a76ac52cb9c8028c9dc12ae64346230c7bfa9b6d
restaurant/checkpoints/residual_sac_125000_steps.zip,3659390,f016507fc3929d5c2f3185e216a8f661ed25134dfc5f1367c24ca3ab74359bf2
restaurant/checkpoints/residual_sac_250000_steps.zip,3659383,b1194aeef7b6bbc7777dc72122602688a40f8d44766bd1924e602146ff593d58
restaurant/checkpoints/residual_sac_200000_steps.zip,3659386,8c5bb21cf19e1a2cd1987cd06689e9e193dc902417d03f8033c144cbd8e449e9
restaurant/checkpoints/residual_sac_275000_steps.zip,3659383,8b9a84378a4d8dc8b666d34fcefcca6878dda1bfa773968d6512204e209decc0
restaurant/checkpoints/residual_sac_75000_steps.zip,3659400,4f396f4128d096d7093d7697ed5fea8a65efa4d5cf31c3e724d1399af05429c9
restaurant/checkpoints/residual_sac_175000_steps.zip,3659371,73d6359d21c2d473f56880cb2a5b28dbdc57f7545abb99054e0563501688639f
restaurant/checkpoints/residual_sac_225000_steps.zip,3659383,fb21e802182fa74da12baa34bf2a052c1b608feea75817e3e3f4594be8089a47
restaurant/checkpoints/residual_sac_100000_steps.zip,3659382,0e96013a2700909f1b94626e8132e068bca26ca218e3641d260937b04e3667c5
restaurant/checkpoints/residual_sac_25000_steps.zip,3657404,1ddf2304406dddc9995d3d660e835151c3469b5d751d1a6624b74585eba5f20f
restaurant/checkpoints/dynamic_sac_residual_v1.zip,3659351,6927ce8c9d8a907616659ee034a0c02f404ee9726ca60d1d766674e94da1bb72
restaurant/checkpoints/residual_sac_150000_steps.zip,3659390,147158c3fe88503d48e8e142c9fad368924fdf149441f1ce6d8a15c47f6af52e
restaurant/checkpoints/residual_sac_50000_steps.zip,3658979,176c4296b6e5255a4c126e371f610d4baf35ffd50f1a8c15ee6923fcc368aa84
restaurant/checkpoints/residual_sac_300000_steps.zip,3659370,9e55c5e271ea1b2edb0137e45a9fb71a45c6bb24ddd5f80a02df714e2a977228
restaurant/checkpoints_v2/residual_sac_v2_75000_steps.zip,3659358,ff802ca50b7656c6d19d7533d3abb76abd7a8b8a26d891d8924602a2f49d627c
restaurant/checkpoints_v2/residual_sac_v2_50000_steps.zip,3659361,9b64dca7076dd1fbbd1d726a14fd3d33327c5e09773efb99728546c25e1a5d39
restaurant/checkpoints_v2/residual_sac_v2_100000_steps.zip,3659368,e94c832ff5eaf0a88433b888af7d1f02c36b754a5b4c9c865111ddb0ca5ca9ef
restaurant/checkpoints_v2/residual_sac_v2_25000_steps.zip,3658256,481d1f2c3263f8cad732bae748eb0df1fc3b81efe0ad393884c93e0d994d89ba
restaurant/tb_logs_v2/SAC_1/events.out.tfevents.1788956482.MISHAL.18164.0,22057,2e388ee3574ec207a486d037e9b530aec53e1cd032ec5bc46a244fd7ffbe89ee
restaurant/tb_logs_v2/SAC_2/events.out.tfevents.1788969303.MISHAL.17752.0,88,368116d5fa642b7cc7d3a2a30c32334d433808840757ee5d0e37a1d2fd4f69b9
restaurant/tb_logs/SAC_3/events.out.tfevents.1788684918.MISHAL.1008.0,51259,e202070240df8a9b697da9e5e9dcde4f8ef58ec5a9ad5cfa4049708102e3cfef
restaurant/tb_logs/SAC_1/events.out.tfevents.1788683356.MISHAL.3936.0,251,a95776cb6be242c690b26fd9c996c2e445fffe104835b445eb4a61fe4228f81c
restaurant/tb_logs/SAC_2/events.out.tfevents.1788684195.MISHAL.13084.0,825,849522876b01b0bcae853481cca4299edbadd76d062344d0d8535dcf824ff84b
